firstname,lastname,company,email,country
John,Doe,ABC Corp,john.doe@abccorp.com,United States
Jane,Smith,XYZ Inc,jane.smith@xyzinc.com,Canada
Charlie,Davis,Innovate Ltd,charlie.davis@innovateltd.com,India
Emily,Clark,Global Tech,emily.clark@globaltech.com,Germany
Michael,Miller,Future Enterprises,michael.miller@futureenterprises.com,Japan
Sarah,Wilson,NextGen Inc,sarah.wilson@nextgeninc.com,France
Penny,Moore,Williams Bros.,PennyKMoore@dayrep.com,United Kingdom
Henry,Catalano,Pro Garden Management,HenryLCatalano@einrot.com,South Africa
Stephanie,Cone,Success Is Yours,StephanieMCone@teleworm.us,United Kingdom
Andrew,Flanagan,William Wanamaker & Sons,AndrewVFlanagan@dayrep.com,United Kingdom